68319010024,1234,นักเรียนคนที่ 1,091-723-5860,68319010024@tatc.ac.th
68319010025,1234,นักเรียนคนที่ 2,091-723-5861,68319010025@tatc.ac.th
68319010026,1234,นักเรียนคนที่ 3,091-723-5862,68319010026@tatc.ac.th
68319010027,1234,นักเรียนคนที่ 4,091-723-5863,68319010027@tatc.ac.th
68319010028,1234,นักเรียนคนที่ 5,091-723-5864,68319010028@tatc.ac.th
68319010029,1234,นักเรียนคนที่ 6,091-723-5865,68319010029@tatc.ac.th
68319010030,1234,นักเรียนคนที่ 7,091-723-5866,68319010030@tatc.ac.th
68319010031,1234,นักเรียนคนที่ 8,091-723-5867,68319010031@tatc.ac.th
68319010032,1234,นักเรียนคนที่ 9,091-723-5868,68319010032@tatc.ac.th
68319010033,1234,นักเรียนคนที่ 10,091-723-5869,68319010033@tatc.ac.th
68319010034,1234,นักเรียนคนที่ 11,091-723-5870,68319010034@tatc.ac.th
68319010035,1234,นักเรียนคนที่ 12,091-723-5871,68319010035@tatc.ac.th
68319010036,1234,นักเรียนคนที่ 13,091-723-5872,68319010036@tatc.ac.th
68319010037,1234,นักเรียนคนที่ 14,091-723-5873,68319010037@tatc.ac.th
68319010038,1234,นักเรียนคนที่ 15,091-723-5874,68319010038@tatc.ac.th
68319010039,1234,นักเรียนคนที่ 16,091-723-5875,68319010039@tatc.ac.th
68319010040,1234,นักเรียนคนที่ 17,091-723-5876,68319010040@tatc.ac.th
68319010041,1234,นักเรียนคนที่ 18,091-723-5877,68319010041@tatc.ac.th
68319010042,1234,นักเรียนคนที่ 19,091-723-5878,68319010042@tatc.ac.th
68319010043,1234,นักเรียนคนที่ 20,091-723-5879,68319010043@tatc.ac.th
68319010044,1234,นักเรียนคนที่ 21,091-723-5880,68319010044@tatc.ac.th
68319010045,1234,นักเรียนคนที่ 22,091-723-5881,68319010045@tatc.ac.th
68319010046,1234,นักเรียนคนที่ 23,091-723-5882,68319010046@tatc.ac.th
68319010047,1234,นักเรียนคนที่ 24,091-723-5883,68319010047@tatc.ac.th
68319010048,1234,นักเรียนคนที่ 25,091-723-5884,68319010048@tatc.ac.th
68319010049,1234,นักเรียนคนที่ 26,091-723-5885,68319010049@tatc.ac.th
68319010050,1234,นักเรียนคนที่ 27,091-723-5886,68319010050@tatc.ac.th
